{
    "name": "root",
    "gauges": {
        "KartAgent.Policy.Entropy.mean": {
            "value": 2.459876298904419,
            "min": 1.204265832901001,
            "max": 2.459876298904419,
            "count": 1648
        },
        "KartAgent.Policy.Entropy.sum": {
            "value": 27452.220703125,
            "min": 917.9117431640625,
            "max": 43743.82421875,
            "count": 1648
        },
        "KartAgent.Environment.EpisodeLength.mean": {
            "value": 1168.3333333333333,
            "min": 496.0,
            "max": 2082.2,
            "count": 1647
        },
        "KartAgent.Environment.EpisodeLength.sum": {
            "value": 14020.0,
            "min": 496.0,
            "max": 20822.0,
            "count": 1647
        },
        "KartAgent.Step.mean": {
            "value": 19775806.0,
            "min": 11570.0,
            "max": 19775806.0,
            "count": 1648
        },
        "KartAgent.Step.sum": {
            "value": 19775806.0,
            "min": 11570.0,
            "max": 19775806.0,
            "count": 1648
        },
        "KartAgent.Policy.ExtrinsicValueEstimate.mean": {
            "value": -0.18598081171512604,
            "min": -0.5676524639129639,
            "max": -0.010954651981592178,
            "count": 1648
        },
        "KartAgent.Policy.ExtrinsicValueEstimate.sum": {
            "value": -3.533635377883911,
            "min": -11.763589859008789,
            "max": -0.17527443170547485,
            "count": 1648
        },
        "KartAgent.Environment.CumulativeReward.mean": {
            "value": -1.866155935185296,
            "min": -9.86869318144662,
            "max": -1.3516028743041189,
            "count": 1648
        },
        "KartAgent.Environment.CumulativeReward.sum": {
            "value": -26.126183092594147,
            "min": -189.3780689239502,
            "max": -6.743090927600861,
            "count": 1648
        },
        "KartAgent.Policy.ExtrinsicReward.mean": {
            "value": -1.866155935185296,
            "min": -9.86869318144662,
            "max": -1.3516028743041189,
            "count": 1648
        },
        "KartAgent.Policy.ExtrinsicReward.sum": {
            "value": -26.126183092594147,
            "min": -189.3780689239502,
            "max": -6.743090927600861,
            "count": 1648
        },
        "KartAgent.IsTraining.mean": {
            "value": 1.0,
            "min": 1.0,
            "max": 1.0,
            "count": 1648
        },
        "KartAgent.IsTraining.sum": {
            "value": 1.0,
            "min": 1.0,
            "max": 1.0,
            "count": 1648
        },
        "KartAgent.Losses.PolicyLoss.mean": {
            "value": 0.06920946613329004,
            "min": 0.016748262485914614,
            "max": 0.08136719955290328,
            "count": 1585
        },
        "KartAgent.Losses.PolicyLoss.sum": {
            "value": 0.06920946613329004,
            "min": 0.016748262485914614,
            "max": 0.08136719955290328,
            "count": 1585
        },
        "KartAgent.Losses.ValueLoss.mean": {
            "value": 0.004716347713508677,
            "min": 0.0015740012969028684,
            "max": 21.08952585164083,
            "count": 1585
        },
        "KartAgent.Losses.ValueLoss.sum": {
            "value": 0.004716347713508677,
            "min": 0.0015740012969028684,
            "max": 21.08952585164083,
            "count": 1585
        },
        "KartAgent.Policy.LearningRate.mean": {
            "value": 0.0002881374021542005,
            "min": 0.0002881374021542005,
            "max": 0.00029999005800331404,
            "count": 1585
        },
        "KartAgent.Policy.LearningRate.sum": {
            "value": 0.0002881374021542005,
            "min": 0.0002881374021542005,
            "max": 0.00029999005800331404,
            "count": 1585
        },
        "KartAgent.Policy.Epsilon.mean": {
            "value": 0.1960457994,
            "min": 0.1960457994,
            "max": 0.19999668599999998,
            "count": 1585
        },
        "KartAgent.Policy.Epsilon.sum": {
            "value": 0.1960457994,
            "min": 0.1960457994,
            "max": 0.19999668599999998,
            "count": 1585
        },
        "KartAgent.Policy.Beta.mean": {
            "value": 0.00096085341406,
            "min": 0.00096085341406,
            "max": 0.0009999671914000005,
            "count": 1585
        },
        "KartAgent.Policy.Beta.sum": {
            "value": 0.00096085341406,
            "min": 0.00096085341406,
            "max": 0.0009999671914000005,
            "count": 1585
        }
    },
    "metadata": {
        "timer_format_version": "0.1.0",
        "start_time_seconds": "1705425997",
        "python_version": "3.9.12 (main, Apr  4 2022, 05:22:27) [MSC v.1916 64 bit (AMD64)]",
        "command_line_arguments": "C:\\Users\\georg\\anaconda3\\envs\\mlagents\\Scripts\\mlagents-learn D:\\georg\\Documents\\AI-Racing-Karts\\KartAgent.yaml --run-id=combined",
        "mlagents_version": "0.30.0",
        "mlagents_envs_version": "0.30.0",
        "communication_protocol_version": "1.5.0",
        "pytorch_version": "1.8.0+cpu",
        "numpy_version": "1.21.2",
        "end_time_seconds": "1705438751"
    },
    "total": 12754.1457184,
    "count": 1,
    "self": 10.004171799999312,
    "children": {
        "run_training.setup": {
            "total": 0.07989749999999995,
            "count": 1,
            "self": 0.07989749999999995
        },
        "TrainerController.start_learning": {
            "total": 12744.0616491,
            "count": 1,
            "self": 15.316076099543352,
            "children": {
                "TrainerController._reset_env": {
                    "total": 4.4650799,
                    "count": 1,
                    "self": 4.4650799
                },
                "TrainerController.advance": {
                    "total": 12724.215445500457,
                    "count": 1007924,
                    "self": 7.43689630060544,
                    "children": {
                        "env_step": {
                            "total": 12716.778549199851,
                            "count": 1007924,
                            "self": 9089.612215099954,
                            "children": {
                                "SubprocessEnvManager._take_step": {
                                    "total": 3618.674412799819,
                                    "count": 1007924,
                                    "self": 48.73939789912902,
                                    "children": {
                                        "TorchPolicy.evaluate": {
                                            "total": 3569.93501490069,
                                            "count": 989469,
                                            "self": 3569.93501490069
                                        }
                                    }
                                },
                                "workers": {
                                    "total": 8.491921300076704,
                                    "count": 1007923,
                                    "self": 0.0,
                                    "children": {
                                        "worker_root": {
                                            "total": 12720.623001600212,
                                            "count": 1007923,
                                            "is_parallel": true,
                                            "self": 5833.097879300765,
                                            "children": {
                                                "steps_from_proto": {
                                                    "total": 0.0015811999999995052,
                                                    "count": 1,
                                                    "is_parallel": true,