{
    "name": "root",
    "metadata": {
        "timer_format_version": "0.1.0",
        "start_time_seconds": "1705420363",
        "python_version": "3.9.12 (main, Apr  4 2022, 05:22:27) [MSC v.1916 64 bit (AMD64)]",
        "command_line_arguments": "C:\\Users\\georg\\anaconda3\\envs\\mlagents\\Scripts\\mlagents-learn D:\\georg\\Documents\\AI-Racing-Karts\\KartAgent.yaml --run-id=ILrun9",
        "mlagents_version": "0.30.0",
        "mlagents_envs_version": "0.30.0",
        "communication_protocol_version": "1.5.0",
        "pytorch_version": "1.8.0+cpu",
        "numpy_version": "1.21.2",
        "end_time_seconds": "1705420388"
    },
    "total": 24.8850006,
    "count": 1,
    "self": 0.00492900000000418,
    "children": {
        "run_training.setup": {
            "total": 0.07548310000000003,
            "count": 1,
            "self": 0.07548310000000003
        },
        "TrainerController.start_learning": {
            "total": 24.804588499999998,
            "count": 1,
            "self": 0.07023109999993693,
            "children": {
                "TrainerController._reset_env": {
                    "total": 4.2822473,
                    "count": 1,
                    "self": 4.2822473
                },
                "TrainerController.advance": {
                    "total": 20.358950700000058,
                    "count": 5186,
                    "self": 0.032188200000067724,
                    "children": {
                        "env_step": {
                            "total": 20.32676249999999,
                            "count": 5186,
                            "self": 17.91229949999998,
                            "children": {
                                "SubprocessEnvManager._take_step": {
                                    "total": 2.378063700000027,
                                    "count": 5186,
                                    "self": 0.1516712000000311,
                                    "children": {
                                        "TorchPolicy.evaluate": {
                                            "total": 2.2263924999999958,
                                            "count": 5181,
                                            "self": 2.2263924999999958
                                        }
                                    }
                                },
                                "workers": {
                                    "total": 0.036399299999985146,
                                    "count": 5185,
                                    "self": 0.0,
                                    "children": {
                                        "worker_root": {
                                            "total": 20.356968000000013,
                                            "count": 5185,
                                            "is_parallel": true,
                                            "self": 5.131520600000105,
                                            "children": {
                                                "steps_from_proto": {
                                                    "total": 0.00036229999999992657,
                                                    "count": 1,
                                                    "is_parallel": true,
                                                    "self": 0.00010550000000009163,
                                                    "children": {
                                                        "_process_rank_one_or_two_observation": {
                                                            "total": 0.00025679999999983494,
                                                            "count": 10,
                                                            "is_parallel": true,
                                                            "self": 0.00025679999999983494
                                                        }
                                                    }
                                                },
                                                "UnityEnvironment.step": {
                                                    "total": 15.225085099999907,
                                                    "count": 5185,
                                                    "is_parallel": true,
                                                    "self": 0.24722699999979802,
                                                    "children": {
                                                        "UnityEnvironment._generate_step_input": {
                                                            "total": 0.16512620000002887,
                                                            "count": 5185,
                                                            "is_parallel": true,
                                                            "self": 0.16512620000002887
                                                        },
                                                        "communicator.exchange": {
                                                            "total": 13.776717299999929,
                                                            "count": 5185,
                                                            "is_parallel": true,
                                                            "self": 13.776717299999929
                                                        },
                                                        "steps_from_proto": {
                                                            "total": 1.0360146000001507,
                                                            "count": 5185,
                                                            "is_parallel": true,
                                                            "self": 0.3541451999998655,
                                                            "children": {
                                                                "_process_rank_one_or_two_observation": {
                                                                    "total": 0.6818694000002852,
                                                                    "count": 51850,
                                                                    "is_parallel": true,
                                                                    "self": 0.6818694000002852
                                                                }
                                                            }
                                                        }
                                                    }
                                                }
                                            }
                                        }
                                    }
                                }
                            }
                        }
                    }
                },
                "trainer_threads": {
                    "total": 1.2399999999246347e-05,
                    "count": 1,
                    "self": 1.2399999999246347e-05,
                    "children": {
                        "thread_root": {
                            "total": 0.0,
                            "count": 0,
                            "is_parallel": true,
                            "self": 0.0,
                            "children": {
                                "trainer_advance": {
                                    "total": 20.415774300000063,
                                    "count": 1298,
                                    "is_parallel": true,
                                    "self": 0.03855970000000042,
                                    "children": {
                                        "process_trajectory": {
                                            "total": 20.377214600000062,
                                            "count": 1298,