{
    "name": "root",
    "gauges": {
        "KartAgent.Policy.Entropy.mean": {
            "value": 1.412549614906311,
            "min": 1.4082376956939697,
            "max": 1.4189382791519165,
            "count": 8
        },
        "KartAgent.Policy.Entropy.sum": {
            "value": 17798.125,
            "min": 13138.7685546875,
            "max": 23015.1796875,
            "count": 8
        },
        "KartAgent.Environment.EpisodeLength.mean": {
            "value": 460.88461538461536,
            "min": 460.88461538461536,
            "max": 630.6666666666666,
            "count": 8
        },
        "KartAgent.Environment.EpisodeLength.sum": {
            "value": 11983.0,
            "min": 11352.0,
            "max": 12474.0,
            "count": 8
        },
        "KartAgent.Step.mean": {
            "value": 95653.0,
            "min": 11683.0,
            "max": 95653.0,
            "count": 8
        },
        "KartAgent.Step.sum": {
            "value": 95653.0,
            "min": 11683.0,
            "max": 95653.0,
            "count": 8
        },
        "KartAgent.Policy.ExtrinsicValueEstimate.mean": {
            "value": -0.2501707971096039,
            "min": -0.2501707971096039,
            "max": -0.0763184055685997,
            "count": 8
        },
        "KartAgent.Policy.ExtrinsicValueEstimate.sum": {
            "value": -6.504440784454346,
            "min": -6.504440784454346,
            "max": -1.450049638748169,
            "count": 8
        },
        "KartAgent.Environment.CumulativeReward.mean": {
            "value": -1.470660883646745,
            "min": -1.5757416361256649,
            "max": -1.470660883646745,
            "count": 8
        },
        "KartAgent.Environment.CumulativeReward.sum": {
            "value": -38.23718297481537,
            "min": -38.23718297481537,
            "max": -29.37663733959198,
            "count": 8
        },
        "KartAgent.Policy.ExtrinsicReward.mean": {
            "value": -1.470660883646745,
            "min": -1.5757416361256649,
            "max": -1.470660883646745,
            "count": 8
        },
        "KartAgent.Policy.ExtrinsicReward.sum": {
            "value": -38.23718297481537,
            "min": -38.23718297481537,
            "max": -29.37663733959198,
            "count": 8
        },
        "KartAgent.IsTraining.mean": {
            "value": 1.0,
            "min": 1.0,
            "max": 1.0,
            "count": 8
        },
        "KartAgent.IsTraining.sum": {
            "value": 1.0,
            "min": 1.0,
            "max": 1.0,
            "count": 8
        },
        "KartAgent.Losses.PolicyLoss.mean": {
            "value": 0.07475434786379885,
            "min": 0.07346911158191897,
            "max": 0.07713698109709806,
            "count": 7
        },
        "KartAgent.Losses.PolicyLoss.sum": {
            "value": 0.07475434786379885,
            "min": 0.07346911158191897,
            "max": 0.07713698109709806,
            "count": 7
        },
        "KartAgent.Losses.ValueLoss.mean": {
            "value": 0.006028785205558795,
            "min": 0.0057717556122224775,
            "max": 0.018711010664283562,
            "count": 7
        },
        "KartAgent.Losses.ValueLoss.sum": {
            "value": 0.006028785205558795,
            "min": 0.0057717556122224775,
            "max": 0.018711010664283562,
            "count": 7
        },
        "KartAgent.Policy.LearningRate.mean": {
            "value": 0.0002999481642172786,
            "min": 0.0002999481642172786,
            "max": 0.00029999250360249885,
            "count": 7
        },
        "KartAgent.Policy.LearningRate.sum": {
            "value": 0.0002999481642172786,
            "min": 0.0002999481642172786,
            "max": 0.00029999250360249885,
            "count": 7
        },
        "KartAgent.Policy.Epsilon.mean": {
            "value": 0.19998272140000004,
            "min": 0.19998272140000004,
            "max": 0.19999750119999996,
            "count": 7
        },
        "KartAgent.Policy.Epsilon.sum": {
            "value": 0.19998272140000004,
            "min": 0.19998272140000004,
            "max": 0.19999750119999996,
            "count": 7
        },
        "KartAgent.Policy.Beta.mean": {
            "value": 0.0009998289418600003,
            "min": 0.0009998289418600003,
            "max": 0.0009999752618800005,
            "count": 7
        },
        "KartAgent.Policy.Beta.sum": {
            "value": 0.0009998289418600003,
            "min": 0.0009998289418600003,
            "max": 0.0009999752618800005,
            "count": 7
        }
    },
    "metadata": {
        "timer_format_version": "0.1.0",
        "start_time_seconds": "1705422550",
        "python_version": "3.9.12 (main, Apr  4 2022, 05:22:27) [MSC v.1916 64 bit (AMD64)]",
        "command_line_arguments": "C:\\Users\\georg\\anaconda3\\envs\\mlagents\\Scripts\\mlagents-learn D:\\georg\\Documents\\AI-Racing-Karts\\KartAgent.yaml --run-id=nowalls",
        "mlagents_version": "0.30.0",
        "mlagents_envs_version": "0.30.0",
        "communication_protocol_version": "1.5.0",
        "pytorch_version": "1.8.0+cpu",
        "numpy_version": "1.21.2",
        "end_time_seconds": "1705422618"
    },
    "total": 67.8278306,
    "count": 1,
    "self": 0.0041099999999971715,
    "children": {
        "run_training.setup": {
            "total": 0.07379769999999997,
            "count": 1,
            "self": 0.07379769999999997
        },
        "TrainerController.start_learning": {
            "total": 67.7499229,
            "count": 1,
            "self": 0.091504499999715,
            "children": {
                "TrainerController._reset_env": {
                    "total": 4.036440000000001,
                    "count": 1,
                    "self": 4.036440000000001
                },
                "TrainerController.advance": {
                    "total": 63.5337901000003,
                    "count": 5303,
                    "self": 0.04080040000035723,
                    "children": {
                        "env_step": {
                            "total": 63.492989699999946,
                            "count": 5303,
                            "self": 47.21751509999964,
                            "children": {
                                "SubprocessEnvManager._take_step": {
                                    "total": 16.230103900000003,
                                    "count": 5303,
                                    "self": 0.23088870000009365,
                                    "children": {
                                        "TorchPolicy.evaluate": {
                                            "total": 15.99921519999991,
                                            "count": 5135,
                                            "self": 15.99921519999991
                                        }
                                    }
                                },
                                "workers": {
                                    "total": 0.04537070000030319,
                                    "count": 5302,
                                    "self": 0.0,
                                    "children": {
                                        "worker_root": {
                                            "total": 63.52658209999987,
                                            "count": 5302,
                                            "is_parallel": true,
                                            "self": 27.339099800000042,
                                            "children": {
                                                "steps_from_proto": {
                                                    "total": 0.0015838000000005792,
                                                    "count": 1,
                                                    "is_parallel": true,