{"count":1,"self":445.9286016,"total":2007.5717183,"children":{"InitializeActuators":{"count":20,"self":0.0020138,"total":0.0020138,"children":null},"InitializeSensors":{"count":20,"self":0.0020012,"total":0.0020012,"children":null},"AgentSendState":{"count":753601,"self":126.2147456,"total":187.0355271,"children":{"CollectObservations":{"count":3014420,"self":3.3025756,"total":3.3025754999999997,"children":null},"WriteActionMask":{"count":3014420,"self":1.0735173,"total":1.0735173,"children":null},"RequestDecision":{"count":3014420,"self":5.1947871999999995,"total":56.4446868,"children":{"AgentInfo.ToProto":{"count":3014420,"self":3.6416372,"total":51.249899799999994,"children":{"GenerateSensorData":{"count":3014420,"self":35.411055999999995,"total":47.608262499999995,"children":{"RayPerceptionSensor.Perceive":{"count":12057680,"self":12.1972056,"total":12.1972057,"children":null}}}}}}}}},"DecideAction":{"count":753601,"self":1339.4446335999999,"total":1339.444596,"children":null},"AgentAct":{"count":753601,"self":35.0121344,"total":35.0121332,"children":null},"AgentInfo.ToProto":{"count":6800,"self":0.022672499999999998,"total":0.1458401,"children":{"GenerateSensorData":{"count":6800,"self":0.096156499999999992,"total":0.12316759999999999,"children":{"RayPerceptionSensor.Perceive":{"count":27200,"self":0.0270111,"total":0.0270111,"children":null}}}}}},"gauges":{"KartAgent.CumulativeReward":{"count":6800,"max":0.7112723,"min":-4.57057953,"runningAverage":0.101793908,"value":0.4112727,"weightedAverage":0.415031284}},"metadata":{"timer_format_version":"0.1.0","start_time_seconds":"1705423612","unity_version":"2022.3.5f1","command_line_arguments":"D:\\Program Files\\2022.3.5f1\\Editor\\Unity.exe -projectpath D:\\georg\\Documents\\AI-Racing-Karts -useHub -hubIPC -cloudEnvironment production -licensingIpc LicenseClient-georg -hubSessionId 5b5e1625-96e9-422f-8819-dac51bce4fd0","communication_protocol_version":"1.5.0","com.unity.ml-agents_version":"2.0.1","scene_name":"myTrack","end_time_seconds":"1705425620"}}