{
    "name": "root",
    "gauges": {
        "KartAgent.Policy.Entropy.mean": {
            "value": 0.8715445399284363,
            "min": 0.8715445399284363,
            "max": 1.418938398361206,
            "count": 254
        },
        "KartAgent.Policy.Entropy.sum": {
            "value": 9391.763671875,
            "min": 901.2791748046875,
            "max": 28639.8515625,
            "count": 254
        },
        "KartAgent.Environment.EpisodeLength.mean": {
            "value": 288.2857142857143,
            "min": 288.2857142857143,
            "max": 1878.7142857142858,
            "count": 253
        },
        "KartAgent.Environment.EpisodeLength.sum": {
            "value": 12108.0,
            "min": 3415.0,
            "max": 21740.0,
            "count": 253
        },
        "KartAgent.Step.mean": {
            "value": 3047819.0,
            "min": 11423.0,
            "max": 3047819.0,
            "count": 254
        },
        "KartAgent.Step.sum": {
            "value": 3047819.0,
            "min": 11423.0,
            "max": 3047819.0,
            "count": 254
        },
        "KartAgent.Policy.ExtrinsicValueEstimate.mean": {
            "value": 0.19110263884067535,
            "min": -0.3405390679836273,
            "max": 0.19110263884067535,
            "count": 254
        },
        "KartAgent.Policy.ExtrinsicValueEstimate.sum": {
            "value": 7.835207939147949,
            "min": -6.470242023468018,
            "max": 7.835207939147949,
            "count": 254
        },
        "KartAgent.Environment.CumulativeReward.mean": {
            "value": 0.6882727320601301,
            "min": -3.707247793674469,
            "max": 0.6882727320601301,
            "count": 254
        },
        "KartAgent.Environment.CumulativeReward.sum": {
            "value": 28.219182014465332,
            "min": -66.73046028614044,
            "max": 28.219182014465332,
            "count": 254
        },
        "KartAgent.Policy.ExtrinsicReward.mean": {
            "value": 0.6882727320601301,
            "min": -3.707247793674469,
            "max": 0.6882727320601301,
            "count": 254
        },
        "KartAgent.Policy.ExtrinsicReward.sum": {
            "value": 28.219182014465332,
            "min": -66.73046028614044,
            "max": 28.219182014465332,
            "count": 254
        },
        "KartAgent.IsTraining.mean": {
            "value": 1.0,
            "min": 1.0,
            "max": 1.0,
            "count": 254
        },
        "KartAgent.IsTraining.sum": {
            "value": 1.0,
            "min": 1.0,
            "max": 1.0,
            "count": 254
        },
        "KartAgent.Losses.PolicyLoss.mean": {
            "value": 0.07236239752248866,
            "min": 0.06229455941735258,
            "max": 0.08092133061742726,
            "count": 246
        },
        "KartAgent.Losses.PolicyLoss.sum": {
            "value": 0.07236239752248866,
            "min": 0.06229455941735258,
            "max": 0.08092133061742726,
            "count": 246
        },
        "KartAgent.Losses.ValueLoss.mean": {
            "value": 0.00017590946691937052,
            "min": 0.00017590946691937052,
            "max": 0.018985448058183287,
            "count": 246
        },
        "KartAgent.Losses.ValueLoss.sum": {
            "value": 0.00017590946691937052,
            "min": 0.00017590946691937052,
            "max": 0.018985448058183287,
            "count": 246
        },
        "KartAgent.Policy.LearningRate.mean": {
            "value": 0.0002981735682088108,
            "min": 0.0002981735682088108,
            "max": 0.00029999264160245276,
            "count": 246
        },
        "KartAgent.Policy.LearningRate.sum": {
            "value": 0.0002981735682088108,
            "min": 0.0002981735682088108,
            "max": 0.00029999264160245276,
            "count": 246
        },
        "KartAgent.Policy.Epsilon.mean": {
            "value": 0.19939118920000004,
            "min": 0.19939118920000004,
            "max": 0.19999754719999996,
            "count": 246
        },
        "KartAgent.Policy.Epsilon.sum": {
            "value": 0.19939118920000004,
            "min": 0.19939118920000004,
            "max": 0.19999754719999996,
            "count": 246
        },
        "KartAgent.Policy.Beta.mean": {
            "value": 0.00099397277308,
            "min": 0.00099397277308,
            "max": 0.00099997571728,
            "count": 246
        },
        "KartAgent.Policy.Beta.sum": {
            "value": 0.00099397277308,
            "min": 0.00099397277308,
            "max": 0.00099997571728,
            "count": 246
        }
    },
    "metadata": {
        "timer_format_version": "0.1.0",
        "start_time_seconds": "1705299044",
        "python_version": "3.9.12 (main, Apr  4 2022, 05:22:27) [MSC v.1916 64 bit (AMD64)]",
        "command_line_arguments": "C:\\Users\\georg\\anaconda3\\envs\\mlagents\\Scripts\\mlagents-learn KartAgent.yaml --run-id=MyTrack12",
        "mlagents_version": "0.30.0",
        "mlagents_envs_version": "0.30.0",
        "communication_protocol_version": "1.5.0",
        "pytorch_version": "1.8.0+cpu",
        "numpy_version": "1.21.2",
        "end_time_seconds": "1705300690"
    },
    "total": 1646.1786151,
    "count": 1,
    "self": 0.0040520999998534535,
    "children": {
        "run_training.setup": {
            "total": 0.07024699999999995,
            "count": 1,
            "self": 0.07024699999999995
        },
        "TrainerController.start_learning": {
            "total": 1646.104316,
            "count": 1,
            "self": 3.290721899974187,
            "children": {
                "TrainerController._reset_env": {
                    "total": 6.918076900000001,
                    "count": 1,
                    "self": 6.918076900000001
                },
                "TrainerController.advance": {
                    "total": 1635.7581430000257,
                    "count": 131930,
                    "self": 0.9942737000608304,
                    "children": {
                        "env_step": {
                            "total": 1634.7638692999649,
                            "count": 131930,
                            "self": 1198.466939799949,
                            "children": {
                                "SubprocessEnvManager._take_step": {
                                    "total": 435.16116540001576,
                                    "count": 131930,
                                    "self": 6.406637699993837,
                                    "children": {
                                        "TorchPolicy.evaluate": {
                                            "total": 428.7545277000219,
                                            "count": 127585,
                                            "self": 428.7545277000219
                                        }
                                    }
                                },
                                "workers": {
                                    "total": 1.135764100000178,
                                    "count": 131929,
                                    "self": 0.0,
                                    "children": {
                                        "worker_root": {
                                            "total": 1635.074435600033,
                                            "count": 131929,
                                            "is_parallel": true,
                                            "self": 754.3731841000425,
                                            "children": {
                                                "steps_from_proto": {
                                                    "total": 0.0014140999999998627,
                                                    "count": 1,
                                                    "is_parallel": true,