{
    "name": "root",
    "gauges": {
        "KartAgent.Policy.Entropy.mean": {
            "value": 0.9184020161628723,
            "min": 0.9148668050765991,
            "max": 1.4189382791519165,
            "count": 279
        },
        "KartAgent.Policy.Entropy.sum": {
            "value": 9015.0341796875,
            "min": 727.4622802734375,
            "max": 27720.37890625,
            "count": 279
        },
        "KartAgent.Environment.EpisodeLength.mean": {
            "value": 724.8235294117648,
            "min": 452.0,
            "max": 3006.0,
            "count": 279
        },
        "KartAgent.Environment.EpisodeLength.sum": {
            "value": 12322.0,
            "min": 452.0,
            "max": 27026.0,
            "count": 279
        },
        "KartAgent.Step.mean": {
            "value": 3347323.0,
            "min": 11825.0,
            "max": 3347323.0,
            "count": 279
        },
        "KartAgent.Step.sum": {
            "value": 3347323.0,
            "min": 11825.0,
            "max": 3347323.0,
            "count": 279
        },
        "KartAgent.Policy.ExtrinsicValueEstimate.mean": {
            "value": -0.28906750679016113,
            "min": -0.5186977982521057,
            "max": -0.10963743925094604,
            "count": 279
        },
        "KartAgent.Policy.ExtrinsicValueEstimate.sum": {
            "value": -5.492282867431641,
            "min": -12.448747634887695,
            "max": -2.08311128616333,
            "count": 279
        },
        "KartAgent.Environment.CumulativeReward.mean": {
            "value": -2.178944534725613,
            "min": -16.939200782775877,
            "max": -1.710035660992498,
            "count": 279
        },
        "KartAgent.Environment.CumulativeReward.sum": {
            "value": -39.221001625061035,
            "min": -151.0817347764969,
            "max": -8.33872801065445,
            "count": 279
        },
        "KartAgent.Policy.ExtrinsicReward.mean": {
            "value": -2.178944534725613,
            "min": -16.939200782775877,
            "max": -1.710035660992498,
            "count": 279
        },
        "KartAgent.Policy.ExtrinsicReward.sum": {
            "value": -39.221001625061035,
            "min": -151.0817347764969,
            "max": -8.33872801065445,
            "count": 279
        },
        "KartAgent.IsTraining.mean": {
            "value": 1.0,
            "min": 1.0,
            "max": 1.0,
            "count": 279
        },
        "KartAgent.IsTraining.sum": {
            "value": 1.0,
            "min": 1.0,
            "max": 1.0,
            "count": 279
        },
        "KartAgent.Losses.PolicyLoss.mean": {
            "value": 0.06975188104738633,
            "min": 0.06405940271113791,
            "max": 0.08011447835315552,
            "count": 268
        },
        "KartAgent.Losses.PolicyLoss.sum": {
            "value": 0.06975188104738633,
            "min": 0.06405940271113791,
            "max": 0.08011447835315552,
            "count": 268
        },
        "KartAgent.Losses.ValueLoss.mean": {
            "value": 0.00637792142106561,
            "min": 0.0039248138837481164,
            "max": 0.0253716245618841,
            "count": 268
        },
        "KartAgent.Losses.ValueLoss.sum": {
            "value": 0.00637792142106561,
            "min": 0.0039248138837481164,
            "max": 0.0253716245618841,
            "count": 268
        },
        "KartAgent.Policy.LearningRate.mean": {
            "value": 0.000297997512667496,
            "min": 0.000297997512667496,
            "max": 0.0002999924166025279,
            "count": 268
        },
        "KartAgent.Policy.LearningRate.sum": {
            "value": 0.000297997512667496,
            "min": 0.000297997512667496,
            "max": 0.0002999924166025279,
            "count": 268
        },
        "KartAgent.Policy.Epsilon.mean": {
            "value": 0.19933250400000002,
            "min": 0.19933250400000002,
            "max": 0.1999974722,
            "count": 268
        },
        "KartAgent.Policy.Epsilon.sum": {
            "value": 0.19933250400000002,
            "min": 0.19933250400000002,
            "max": 0.1999974722,
            "count": 268
        },
        "KartAgent.Policy.Beta.mean": {
            "value": 0.0009933917896,
            "min": 0.0009933917896,
            "max": 0.0009999749747800003,
            "count": 268
        },
        "KartAgent.Policy.Beta.sum": {
            "value": 0.0009933917896,
            "min": 0.0009933917896,
            "max": 0.0009999749747800003,
            "count": 268
        }
    },
    "metadata": {
        "timer_format_version": "0.1.0",
        "start_time_seconds": "1705303804",
        "python_version": "3.9.12 (main, Apr  4 2022, 05:22:27) [MSC v.1916 64 bit (AMD64)]",
        "command_line_arguments": "C:\\Users\\georg\\anaconda3\\envs\\mlagents\\Scripts\\mlagents-learn KartAgent.yaml --run-id=MyGras2",
        "mlagents_version": "0.30.0",
        "mlagents_envs_version": "0.30.0",
        "communication_protocol_version": "1.5.0",
        "pytorch_version": "1.8.0+cpu",
        "numpy_version": "1.21.2",
        "end_time_seconds": "1705305718"
    },
    "total": 1914.2409239,
    "count": 1,
    "self": 0.004659500000116168,
    "children": {
        "run_training.setup": {
            "total": 0.07499880000000003,
            "count": 1,
            "self": 0.07499880000000003
        },
        "TrainerController.start_learning": {
            "total": 1914.1612656,
            "count": 1,
            "self": 2.5251390000282754,
            "children": {
                "TrainerController._reset_env": {
                    "total": 9.755269,
                    "count": 1,
                    "self": 9.755269
                },
                "TrainerController.advance": {
                    "total": 1901.8161585999717,
                    "count": 144111,
                    "self": 1.1777021999819226,
                    "children": {
                        "env_step": {
                            "total": 1900.6384563999898,
                            "count": 144111,
                            "self": 1359.8840094999737,
                            "children": {
                                "SubprocessEnvManager._take_step": {
                                    "total": 539.410312100046,
                                    "count": 144111,
                                    "self": 7.417655900020918,
                                    "children": {
                                        "TorchPolicy.evaluate": {
                                            "total": 531.9926562000251,
                                            "count": 140024,
                                            "self": 531.9926562000251
                                        }
                                    }
                                },
                                "workers": {
                                    "total": 1.3441347999700852,
                                    "count": 144110,
                                    "self": 0.0,
                                    "children": {
                                        "worker_root": {
                                            "total": 1893.0919783000247,
                                            "count": 144110,
                                            "is_parallel": true,
                                            "self": 883.3683727000218,
                                            "children": {
                                                "steps_from_proto": {
                                                    "total": 0.0017345999999989203,
                                                    "count": 1,
                                                    "is_parallel": true,